id,start_ts,end_ts,class
36212,2023-11-28 13:57:19.861000,,story
35758,2022-05-16 16:20:03.854000,2022-05-29 23:23:53.008000,story
36222,2023-12-10 12:54:54.033000,2023-12-11 21:11:30.424000,story
36250,2023-12-23 15:23:02.092000,,bug
36011,2023-05-04 04:33:18.980000,,story
36109,2023-09-17 20:31:28.404000,2023-09-21 22:37:43.753000,story
36190,2023-08-13 16:22:08.123000,2023-11-04 18:20:50.903000,story
35949,2023-02-28 20:16:27.207000,,epic
36280,2024-01-09 21:49:35.580000,,story
36132,2023-09-29 19:08:22.521000,2023-10-15 17:20:37.366000,story
36037,2023-05-29 21:04:23.397000,,story
35733,2022-05-02 02:40:15.857000,2022-05-04 23:45:18.231000,story
35810,2022-10-22 02:08:21.991000,2022-11-02 19:12:46.675000,story
35749,2022-05-27 09:55:25.021000,2022-06-16 22:42:11.105000,bug
35653,2022-03-05 14:01:51.432000,2022-03-10 17:25:58.395000,bug
35955,2023-02-20 14:32:16.630000,2023-02-24 20:23:18.485000,bug
36249,2023-12-21 15:46:13.597000,2023-12-23 19:53:08.928000,bug
36122,2023-09-11 11:39:23.603000,2023-09-16 13:58:15.463000,story
35669,2022-02-18 21:32:34.358000,2023-02-28 22:47:42.012000,epic
36177,2023-10-27 18:14:27.451000,2023-11-01 20:49:46.392000,story
36260,2024-01-05 15:58:06.261000,,epic
36139,2023-09-25 22:16:02.113000,2023-09-26 21:00:31.838000,bug
36188,2023-11-04 18:19:28.904000,2023-11-24 03:10:14.379000,task
35956,2023-02-18 17:37:21.904000,2023-02-24 20:23:15.915000,story
35990,2023-05-11 16:19:02.131000,,story
36114,2023-08-26 16:03:58.375000,2023-08-29 16:04:03.696000,bug
36025,2023-05-31 21:47:16.666000,,story
35656,2022-02-26 23:40:11.293000,,task
35925,2023-03-16 02:37:00.719000,2023-12-18 15:12:26.644000,epic
35869,2022-11-04 01:29:43.511000,2022-11-14 18:02:07.817000,story
36276,2024-01-16 14:37:30.294000,,story
36058,2023-07-01 11:43:21.367000,2023-07-02 16:10:20.225000,story
36189,2023-11-04 18:20:02.426000,,task
35667,2022-02-19 17:22:20.060000,,bug
36015,2023-04-29 23:03:56.006000,2023-05-06 01:59:09.787000,story
36067,2023-06-18 02:07:26.892000,2023-07-01 01:06:18.415000,story
36208,2023-11-21 16:36:37.892000,2023-11-21 20:34:50.723000,story
36144,2023-09-29 20:49:34.005000,2023-11-07 13:28:17.809000,story
36238,2023-12-17 16:36:26.743000,2023-12-20 17:57:54.357000,story
36199,2023-11-07 14:33:37.450000,2023-11-15 02:33:59.585000,story
35860,2022-11-14 14:41:42.578000,2022-11-29 17:00:23.903000,task
36032,2023-05-30 17:30:09.449000,2023-12-18 15:13:06.769000,epic
36138,2023-09-24 21:26:00.336000,2023-09-27 15:37:04.670000,bug
36265,2024-01-04 06:13:44.729000,,story
35837,2022-08-27 15:08:33.205000,2022-08-29 22:57:26.868000,task
35690,2022-04-01 15:56:10.973000,,bug
36187,2023-10-29 21:32:51.606000,,bug
35932,2023-03-15 02:12:12.031000,2023-12-30 14:06:19.822000,epic
36165,2023-10-26 08:08:12.172000,2023-11-01 20:49:44.703000,story
36007,2023-05-04 15:11:11.791000,2023-05-08 00:31:51.413000,story
36248,2023-12-20 18:19:35.781000,2023-12-29 19:07:18.080000,story
35985,2023-05-19 21:23:46.120000,,bug
35698,2022-03-15 12:40:31.306000,2022-03-21 16:43:18.989000,story
36028,2023-05-31 14:48:25.353000,,story
36005,2023-05-04 18:19:51.678000,2023-05-04 19:25:05.825000,story
36012,2023-05-04 04:32:04.946000,,story
35804,2022-07-07 23:39:42.308000,2022-07-07 23:46:53.630000,task
35991,2023-05-11 16:18:24.297000,,story
35859,2022-11-17 14:53:40.449000,2022-11-20 13:46:19.636000,story
36191,2023-08-13 16:28:28.752000,2023-11-04 18:21:03.617000,story
35679,2022-03-13 12:54:47.736000,,story
35945,2023-03-02 19:36:42.711000,,story
35858,2022-11-17 21:24:43.500000,2022-11-20 13:46:12.493000,story
35909,2023-01-13 20:49:09.552000,2023-01-14 18:18:19.703000,subtask
36086,2023-08-06 16:46:09.285000,,story
35931,2023-03-15 23:57:48.261000,2023-03-29 16:47:46.968000,story
35787,2022-06-18 14:17:20.118000,2022-06-19 22:06:01.476000,story
36258,2024-01-13 02:35:48.775000,2024-01-13 16:58:34.620000,story
36244,2023-12-29 14:53:22.909000,2024-01-11 02:23:55.885000,story
35777,2022-06-30 17:34:17.329000,,task
35702,2022-03-21 23:13:27.194000,2022-03-23 17:06:25.780000,bug
35864,2022-11-04 13:01:13.532000,2022-11-14 18:02:10.466000,story
36013,2023-04-30 12:15:51.031000,2023-05-01 00:26:19.723000,bug
35695,2022-03-24 20:23:16.890000,2022-03-24 22:46:14.937000,story
36195,2023-11-26 13:02:11.317000,2023-11-28 10:31:24.626000,bug
36255,2024-01-13 03:04:56.271000,,story
35862,2022-11-05 01:19:34.327000,2023-01-28 15:35:16.381000,story
36198,2023-11-07 13:15:50.280000,2023-11-15 02:33:57.077000,story
36103,2023-07-20 01:49:53.331000,2023-07-26 16:19:49.458000,story
35775,2022-06-30 18:13:11.056000,2022-07-09 10:29:47.787000,task
35755,2022-05-17 15:18:05.829000,2022-05-18 02:30:00.471000,story
35771,2022-05-05 23:55:47.490000,2022-05-08 16:17:28.817000,story
35734,2022-04-30 22:33:37.321000,2022-05-02 16:22:37.112000,story
35856,2022-11-18 16:39:50.901000,,bug
36038,2023-05-29 20:53:00.418000,2023-05-30 17:28:16.156000,bug
35988,2023-05-19 07:23:12.436000,2023-05-29 19:11:51.900000,story
35840,2022-08-25 17:47:41.081000,2022-08-25 23:22:49.276000,story
36095,2023-07-21 14:43:33.662000,2023-07-26 16:19:51.938000,story
35767,2022-05-08 01:43:14.974000,2022-05-10 12:33:56.368000,story
35712,2022-04-18 13:07:09.134000,,story
35748,2022-05-28 16:00:42.111000,2022-06-05 22:49:59.710000,story
35662,2022-02-22 14:49:20.091000,2022-02-26 17:47:15.814000,story
36044,2023-06-29 14:45:23.607000,2023-06-29 20:44:30.435000,subtask
35691,2022-04-01 15:55:22.381000,2023-02-28 22:46:07.687000,epic
35735,2022-04-28 17:42:49.111000,2022-04-30 17:16:02.814000,story
36124,2023-09-14 10:05:23.445000,2023-09-16 13:58:18.305000,story
36228,2023-12-15 13:15:10.782000,,story
35849,2022-08-01 02:35:26.172000,2022-08-09 15:38:50.731000,story
36279,2024-01-10 18:30:09.426000,,story
35714,2022-04-16 17:16:52.092000,2022-05-01 14:31:32.666000,story
35813,2022-10-13 15:19:45.712000,,task
35863,2022-11-04 19:30:19.933000,2022-11-17 21:24:04.642000,task
35655,2022-03-03 14:45:14.426000,,bug
35854,2022-11-24 16:26:17.450000,2022-11-29 17:00:27.207000,bug
36202,2023-11-16 20:26:47.381000,2023-11-21 17:12:38.643000,story
35978,2023-03-29 21:47:11.298000,2023-04-15 21:24:58.887000,bug
36064,2023-06-11 17:50:43.407000,2023-06-16 16:55:29.276000,story
36040,2023-05-29 18:19:16.697000,2023-06-11 13:15:22.018000,story
36158,2023-10-26 00:03:29.439000,2023-11-04 18:17:41.534000,story
35683,2022-03-13 13:13:43.642000,,epic
35673,2022-03-09 17:30:44.784000,2022-03-14 21:37:05.814000,story
35718,2022-04-11 01:13:40.399000,2022-04-22 17:12:09.292000,story
35824,2022-09-18 03:38:20.824000,2022-10-18 02:21:43.116000,story
35720,2022-04-10 19:53:12.465000,2022-04-25 19:30:04.958000,task
36140,2023-09-26 03:23:53.528000,2023-09-27 20:17:22.449000,bug
36010,2023-05-04 10:09:44.986000,2023-05-21 21:24:44.223000,story
36193,2023-11-25 21:51:01.169000,2023-11-28 13:58:10.760000,story
36182,2023-10-29 15:41:51.010000,2023-10-29 19:47:36.622000,subtask
35756,2022-05-17 15:06:13.128000,2022-07-09 12:07:40.498000,story
35918,2022-11-27 18:30:20.167000,2023-02-24 02:52:41.271000,story
35727,2022-04-21 12:31:02.684000,2022-05-10 12:34:03.347000,bug
35961,2023-02-11 09:10:26.041000,2023-02-18 17:52:58.153000,story
35792,2022-06-17 16:00:45.738000,2022-06-29 14:03:46.394000,story
35705,2022-03-16 18:27:22.687000,2022-03-24 21:32:59.990000,bug
36269,2024-01-10 14:43:34.069000,,task
36070,2023-06-13 19:58:42.821000,2023-06-23 17:41:52.261000,story
36266,2024-01-04 06:41:30.392000,2024-01-04 23:12:12.443000,story
35809,2022-10-22 02:09:29.916000,2023-02-28 22:49:17.839000,epic
36101,2023-07-09 12:31:16.089000,,story
35853,2022-07-19 00:00:22.730000,,bug
35915,2023-01-07 16:46:26.724000,2023-01-13 19:53:26.737000,story
35830,2022-07-13 15:42:48.143000,2022-10-13 13:59:23.188000,subtask
36278,2024-01-11 17:19:01.025000,,story
36093,2023-07-26 16:30:36.373000,2023-08-03 23:33:05.608000,story
36056,2023-07-02 15:36:12.872000,2023-07-28 15:21:30.841000,bug
35769,2022-05-07 15:20:29.530000,2022-05-10 13:01:50.298000,bug
35745,2022-06-03 14:27:57.327000,,story
36242,2023-12-29 20:42:35.866000,,story
36051,2023-06-19 11:53:37.335000,2023-06-29 20:44:16.634000,subtask
35672,2022-02-17 15:15:41.080000,2022-03-11 21:48:11.448000,story
36049,2023-06-19 11:56:53.225000,2023-06-29 20:42:47.744000,subtask
35659,2022-02-26 15:52:38.510000,,task
36133,2023-09-27 17:12:02.819000,2023-10-01 22:16:25.299000,story
35845,2022-08-13 11:10:50.353000,2022-08-13 13:54:48.064000,story
35889,2022-11-26 04:33:40.175000,2022-11-29 17:00:28.887000,story
35739,2022-04-26 23:32:21.884000,2022-04-27 15:01:25.824000,task
36164,2023-10-25 14:37:19.958000,2023-11-01 20:49:48.143000,story
35905,2023-01-19 17:16:22.352000,2023-03-25 16:36:49.608000,story
36220,2023-12-03 13:45:38.153000,,bug
36072,2023-06-10 14:36:32.211000,2023-06-16 15:40:58.006000,story
35823,2022-09-29 15:00:03.516000,2022-10-09 21:42:19.694000,story
35884,2022-11-29 17:34:30.526000,2022-12-16 21:39:03.722000,story
35987,2023-05-19 15:50:57.226000,2023-05-21 21:24:48.948000,story
36006,2023-05-04 15:25:27.418000,2023-05-06 01:59:18.017000,story
35736,2022-04-28 17:27:31.071000,,bug
35930,2023-03-16 02:20:28.119000,2023-04-15 21:24:50.594000,story
36239,2023-12-17 18:04:13.980000,2023-12-18 15:14:43.267000,story
36048,2023-06-19 11:59:38.525000,2023-06-29 20:44:13.131000,subtask
36271,2024-01-11 02:35:46.898000,,story
35940,2023-03-03 17:15:23.221000,,epic
35907,2023-01-16 22:44:26.273000,2023-01-26 16:35:46.178000,story
35962,2023-03-25 17:51:58.554000,2023-04-01 18:37:21.996000,bug
35890,2023-02-03 20:57:02.552000,2023-02-28 22:50:01.707000,epic
36009,2023-05-04 15:10:23.246000,2023-05-06 01:59:15.142000,story
35675,2022-03-12 22:53:47.039000,2022-03-13 15:39:16.651000,story
36194,2023-11-10 23:20:00.082000,2023-12-16 20:35:43.588000,task
36179,2023-10-29 15:34:38.442000,2023-11-10 19:33:13.027000,story
35803,2022-07-09 12:04:22.657000,,story
36110,2023-09-17 15:20:17.398000,2023-09-17 15:28:09.677000,subtask
35995,2023-05-07 20:53:04.700000,2023-05-19 22:06:02.260000,bug
36263,2024-01-02 21:06:54.732000,2024-01-02 22:34:01.969000,subtask
35989,2023-05-11 16:19:19.476000,,story
36118,2023-09-01 16:47:25.423000,2023-09-03 23:17:09.148000,story
36066,2023-06-19 12:03:32.058000,,story
35880,2022-12-03 15:38:12.291000,2023-02-28 22:49:56.057000,epic
36254,2024-01-13 17:14:15.861000,,epic
36171,2023-10-10 17:22:26.228000,2023-10-15 17:20:36.843000,story
35873,2022-12-25 14:57:10.476000,2023-01-13 19:53:12.917000,story
35912,2023-01-13 00:39:33.772000,2023-01-13 00:50:13.309000,task
35822,2022-09-30 03:30:04.776000,2023-02-28 22:50:08.745000,epic
35682,2022-03-13 12:59:58.098000,,story
35740,2022-04-26 23:16:15.774000,2022-04-28 17:41:53.568000,bug
35759,2022-05-16 15:06:51.999000,2022-05-29 23:25:37.515000,story
35993,2023-05-10 14:24:18.582000,2023-05-21 21:24:46.677000,story
36135,2023-09-24 19:37:54.681000,2023-11-04 18:17:42.774000,subtask
35892,2023-02-03 20:54:55.249000,,story
35710,2022-03-11 23:19:13.211000,,task
35728,2022-04-20 23:55:05.842000,2022-04-25 20:19:06.292000,bug
35783,2022-06-23 07:14:29.493000,2022-07-07 23:46:44.977000,story
36176,2023-11-01 01:38:47.883000,2023-11-02 20:34:02.807000,story
36061,2023-06-22 13:31:51.929000,2023-06-23 01:40:50.462000,story
36226,2023-12-17 15:39:56.520000,,epic
36166,2023-10-21 14:01:29.732000,2023-10-26 12:26:00.314000,bug
35908,2023-01-16 17:22:10.404000,2023-01-26 16:35:42.907000,story
35660,2022-02-25 16:24:57.630000,,bug
35866,2022-11-04 02:05:39.858000,2022-11-14 18:02:14.729000,story
36107,2023-08-09 19:41:47.029000,,bug
35793,2022-06-17 16:00:00.636000,2023-02-28 22:46:33.618000,epic
36029,2023-05-30 19:46:46.445000,2023-06-07 14:11:50.444000,subtask
35893,2023-02-03 20:54:31.777000,2023-02-28 20:12:29.239000,story
36205,2023-11-21 16:07:10.428000,2023-12-13 14:14:10.651000,story
35878,2022-12-03 15:40:20.370000,,story
35957,2023-02-16 18:31:24.033000,2023-02-25 17:33:23.126000,story
35784,2022-06-19 15:57:39.239000,2022-06-20 15:43:35.384000,bug
35847,2022-08-09 15:39:30.728000,2022-08-09 19:06:38.408000,story
35946,2023-03-02 19:36:25.920000,2023-04-02 14:45:54.917000,story
35975,2023-04-02 20:15:07.140000,,story
35844,2022-08-14 14:22:14.074000,2022-08-15 11:33:17.544000,story
36218,2023-12-03 12:47:14.713000,2023-12-09 14:32:02.990000,story
36088,2023-08-06 14:07:06.051000,2023-08-09 15:11:54.419000,bug
35943,2023-03-03 16:46:40.308000,,story
36245,2023-12-28 11:29:18.189000,,task
36281,2024-01-09 18:15:14.986000,,story
35790,2022-06-18 14:10:25.893000,2022-06-29 14:04:06.633000,story
35894,2023-02-03 20:48:17.821000,2023-03-02 19:33:52.073000,epic
36027,2023-05-31 16:15:01.021000,2023-10-15 17:34:16.498000,bug
35732,2022-04-18 15:13:40.721000,2022-04-24 12:06:53.520000,story
36150,2023-09-22 14:29:09.848000,2023-09-27 15:38:21.761000,story
36074,2023-06-07 14:12:34.822000,2023-06-07 14:12:50.348000,subtask
35836,2022-08-28 20:38:15.300000,2022-09-04 22:04:30.495000,story
36031,2023-05-30 19:23:22.046000,,epic
35657,2022-02-26 18:34:26.066000,,bug
35773,2022-06-30 18:30:52.296000,2023-10-17 16:36:01.167000,story
35680,2022-03-13 12:58:01.470000,2022-04-07 03:00:06.872000,story
35711,2022-03-10 17:39:23.270000,2023-02-28 22:47:37.149000,epic
36018,2023-04-29 16:30:35.138000,2023-06-11 15:56:32.789000,epic
36125,2023-09-15 22:45:50.817000,2023-09-17 20:44:41.244000,story
35898,2023-01-29 15:33:55.492000,,story
35871,2022-11-01 16:49:48.926000,2022-11-14 18:02:20.209000,story
35778,2022-06-30 16:27:30.835000,,story
36275,2024-01-04 20:25:10.613000,2024-01-05 04:56:04.689000,story
36180,2023-11-02 20:34:37.796000,2023-11-10 19:33:29.903000,bug
35665,2022-02-19 19:55:46.936000,2023-03-09 16:56:48.873000,story
35967,2023-04-20 02:33:55.896000,2023-05-06 01:15:42.951000,story
36128,2023-09-16 23:07:55.823000,2023-09-27 15:37:31.252000,story
35983,2023-05-20 16:42:36.826000,2023-06-11 17:58:34.634000,task
35942,2023-03-03 16:47:23.751000,,story
36120,2023-09-04 19:26:25.330000,,story
35812,2022-10-17 14:31:11.524000,2022-10-31 19:10:22.014000,bug
36091,2023-08-05 16:11:36.195000,,story
35781,2022-06-23 14:32:33.644000,,story
35806,2022-10-28 04:58:03.280000,2022-11-04 01:51:01.520000,story
35879,2022-12-03 15:39:28.315000,,story
35952,2023-02-24 22:11:05.488000,2023-02-28 20:12:22.226000,subtask
35891,2023-02-03 20:55:29.042000,,story
35825,2022-09-12 02:20:11.996000,2022-10-11 14:47:05.583000,story
35838,2022-08-26 16:38:53.791000,2022-08-27 14:34:04.064000,story
35902,2023-01-27 14:37:35.971000,2023-03-05 16:37:01.717000,story
36211,2023-11-26 13:04:14.146000,2023-12-03 13:43:18.545000,story
35788,2022-06-18 14:17:07.360000,2022-06-18 23:52:44.162000,story
35881,2022-12-01 15:50:51.784000,,story
35900,2023-01-27 15:59:23.983000,2023-02-12 16:32:12.152000,story
35968,2023-04-20 02:17:50.351000,2023-05-06 01:15:36.739000,story
36059,2023-06-29 18:05:46.940000,2023-07-01 11:42:31.656000,story
35760,2022-05-14 16:53:05.019000,2022-05-16 15:13:02.634000,bug
36237,2023-12-17 15:43:51.922000,2024-01-03 23:42:34.006000,story
36089,2023-08-06 01:30:58.654000,2023-08-09 14:44:01.772000,story
35964,2023-03-25 17:14:12.650000,2023-04-15 21:24:53.203000,story
36042,2023-05-29 17:10:15.595000,,story
35827,2022-09-04 22:20:55.418000,2022-10-12 19:24:38.198000,bug
35757,2022-05-16 18:09:15.098000,2022-05-17 13:08:58.781000,bug
36253,2024-01-13 17:16:30.519000,,story
35703,2022-03-21 23:10:04.669000,2022-04-01 22:08:40.979000,story
36076,2023-06-02 01:15:04.657000,2023-07-01 16:31:34.841000,story
35897,2023-01-29 15:34:35.676000,,story
35719,2022-04-10 22:58:39.346000,2022-04-15 23:40:37.584000,story
35764,2022-05-09 09:43:01.107000,2022-05-18 02:30:05.648000,task
35886,2022-11-26 05:52:09.265000,2022-12-16 21:39:17.919000,story
36035,2023-05-29 23:13:17.330000,,task
35901,2023-01-27 15:56:44.933000,2023-02-12 16:32:07.936000,bug
35762,2022-05-11 15:50:14.577000,2022-05-17 13:09:14.386000,story
35882,2022-12-01 15:42:57.496000,2023-02-28 22:49:44.480000,epic
36143,2023-09-27 20:14:13.327000,2023-10-15 17:20:36.632000,story
36026,2023-05-31 18:14:50.459000,,story
36039,2023-05-29 19:38:36.871000,2023-10-15 17:34:17.139000,subtask
36147,2023-09-24 19:26:41.810000,2023-11-04 18:17:53.049000,story
36232,2023-12-13 15:34:28.941000,2023-12-15 13:04:10.749000,story
36034,2023-05-29 23:13:41.807000,,story
35982,2023-05-20 23:58:40.930000,,bug
36046,2023-06-20 22:31:52.819000,2023-06-29 20:44:20.489000,subtask
36204,2023-11-21 15:58:50.675000,2023-11-28 08:31:58.927000,bug
35776,2022-06-30 17:47:08.056000,2022-07-07 19:46:06.981000,story
35819,2022-10-09 15:18:31.618000,2022-10-18 02:21:51.467000,story
35693,2022-03-24 23:13:01.665000,2022-03-27 17:09:31.397000,story
35730,2022-04-18 15:32:14.436000,2022-05-10 12:33:58.709000,bug
35805,2022-07-04 11:23:16.471000,2022-07-07 19:45:50.164000,bug
36235,2023-12-15 16:35:36.539000,2023-12-20 17:57:58.131000,story
35848,2022-08-05 18:11:34.125000,2022-08-08 11:15:46.224000,story
35742,2022-04-25 21:02:49.703000,2022-05-08 01:54:27.279000,story
35996,2023-05-07 12:55:33.072000,2023-05-07 22:08:41.491000,story
35692,2022-03-27 18:31:17.581000,2022-04-15 22:08:34.714000,story
35877,2022-12-03 16:09:21.977000,,story
35960,2022-07-14 14:38:38.506000,2023-02-28 22:46:56.881000,epic
35846,2022-08-12 17:10:50.071000,2022-08-13 03:33:16.232000,story
36129,2023-09-26 21:10:01.689000,2023-09-27 15:37:02.209000,bug
35796,2022-06-05 06:09:37.528000,2022-06-28 21:48:44.159000,story
36036,2023-05-29 21:30:56.439000,2023-06-13 16:25:23.426000,task
36106,2023-08-07 16:16:05.341000,2023-11-21 15:25:53.798000,story
35928,2023-03-16 02:30:48.565000,,story
36033,2023-05-29 23:48:23.787000,2023-06-11 15:54:48.950000,bug
36172,2023-10-13 02:28:11.045000,2023-10-15 17:20:37.453000,bug
36267,2024-01-07 20:33:34.708000,2024-01-10 15:30:45.966000,story
35664,2022-02-20 23:06:09.394000,,bug
36268,2024-01-07 22:02:22.699000,2024-01-12 23:55:15.832000,task
36162,2023-06-06 17:28:58.443000,,epic
36196,2023-11-22 17:21:13.599000,2023-11-24 03:10:19.884000,story
35903,2023-01-27 13:35:33.719000,2023-02-12 16:32:05.825000,story
36053,2023-07-05 15:09:22.915000,2023-08-04 22:25:42.536000,story
35941,2023-03-03 16:52:13.721000,,story
35798,2022-06-05 06:02:45.908000,2022-06-28 21:49:44.572000,bug
35875,2022-12-12 11:23:56.492000,2022-12-20 23:42:54.169000,story
35817,2022-10-12 19:31:56.324000,,bug
35937,2023-03-03 23:06:49.305000,,story
35921,2023-03-20 15:51:40.496000,2023-03-24 20:58:07.616000,bug
35814,2022-10-13 14:00:31.343000,2022-10-17 13:50:05.753000,subtask
36001,2023-05-05 22:42:27.489000,,story
35953,2023-02-24 22:10:36.364000,2023-02-25 16:33:18.796000,subtask
36145,2023-09-30 17:16:45.095000,2023-10-01 22:18:32.324000,story
35766,2022-05-08 10:01:38.688000,2022-05-18 02:30:08.832000,task
36159,2023-10-20 12:46:30.789000,2023-10-28 13:11:00.687000,task
35799,2022-07-10 17:52:23.415000,,task
35963,2023-03-25 17:19:28.710000,2023-04-15 21:24:55.063000,story
35685,2022-03-13 14:33:00.188000,2022-03-15 13:01:47.010000,story
35850,2022-07-14 19:35:06.888000,,story
36149,2023-09-21 16:15:03.833000,2023-10-01 22:16:12.788000,story
35938,2023-03-03 23:06:10.317000,,story
36200,2023-11-15 02:34:32.077000,2023-11-21 15:54:29.593000,bug
35807,2022-10-24 18:02:35.631000,2022-11-02 19:12:09.654000,task
36225,2023-12-17 15:42:25.797000,,story
36055,2023-07-02 16:11:08.807000,2023-10-15 17:31:09.926000,story
35816,2022-10-13 13:56:32.798000,,subtask
35717,2022-04-11 11:57:46.458000,2022-04-15 12:24:02.872000,task
35678,2022-03-13 12:54:22.598000,2023-02-28 22:48:02.564000,epic
35947,2023-03-02 19:35:04.360000,,epic
35761,2022-05-12 17:08:23.751000,2022-05-17 21:01:07.364000,task
36175,2023-10-15 05:11:54.724000,2023-10-26 11:42:02.756000,story
35979,2023-03-29 20:45:24.234000,2023-04-15 21:24:56.733000,story
35954,2023-02-24 14:49:26.337000,2023-03-05 16:37:03.715000,story
35929,2023-03-16 02:30:03.075000,,story
35800,2022-07-09 12:10:15.313000,,story
35965,2023-03-22 20:07:01.722000,2023-04-01 18:37:24.581000,story
35765,2022-05-08 14:55:22.223000,2022-05-10 17:51:50.634000,bug
35697,2022-03-23 16:52:56.510000,2022-04-01 22:08:36.980000,story
36130,2023-10-04 14:19:58.248000,2023-10-07 14:17:58.434000,task
36206,2023-11-21 16:22:58.543000,2023-12-09 14:31:51.517000,story
36020,2023-06-01 19:47:27.212000,2023-07-01 16:27:12.979000,story
36227,2023-12-16 18:29:41.849000,,story
35870,2022-11-03 16:28:50.928000,2022-11-14 18:02:25.109000,bug
36021,2023-06-01 19:47:04.748000,2023-07-01 01:36:59.909000,story
35709,2022-03-15 12:14:33.596000,,task
36102,2023-07-10 14:27:04.804000,2023-07-20 01:49:13.132000,story
35977,2023-03-29 21:51:23.955000,2023-04-15 21:25:01.084000,story
36090,2023-08-05 16:14:46.608000,,story
35821,2022-10-08 16:44:50.011000,,story
35851,2022-07-13 23:38:00.161000,,bug
35708,2022-03-16 13:14:24.987000,,story
36273,2024-01-12 23:55:43.202000,2024-01-13 16:58:46.364000,story
35934,2023-03-05 13:15:04.857000,2023-03-09 14:34:08.105000,task
35707,2022-03-16 13:24:14.614000,,epic
36277,2024-01-15 22:59:05.566000,,story
36259,2024-01-05 15:58:47.581000,,story
36126,2023-09-16 14:21:52.460000,2023-10-15 17:20:37.543000,story
36019,2023-04-28 13:20:38.353000,2023-05-06 01:15:39.972000,story
36185,2023-10-29 12:31:58.763000,2023-10-29 20:19:41.431000,story
36201,2023-11-15 05:06:29.346000,,bug
36229,2023-12-15 13:14:01.141000,,story
36256,2024-01-13 03:04:37.944000,,story
36075,2023-06-06 17:05:05.864000,,story
36008,2023-05-04 15:10:48.864000,2023-06-11 17:58:41.417000,story
35754,2022-05-18 15:09:12.453000,,story
36123,2023-09-13 17:36:45.074000,2023-09-16 13:58:16.946000,story
35831,2022-07-13 15:03:14.292000,2022-10-18 02:21:55.327000,story
36087,2023-08-06 14:28:53.395000,2023-08-09 15:11:56.330000,story
36116,2023-08-29 16:10:28.306000,2023-08-30 18:24:39.910000,story
35721,2022-04-10 17:20:09.555000,2022-04-10 18:45:31.026000,bug
35920,2023-03-20 17:31:50.556000,,story
35857,2022-11-18 01:32:54.338000,2022-11-20 13:46:23.406000,story
36052,2023-06-19 11:53:10.828000,2023-06-29 20:44:10.493000,subtask
35753,2022-05-21 16:18:05.790000,2022-05-21 20:24:17.282000,bug
35976,2023-03-30 20:33:33.046000,2023-04-02 20:47:15.661000,story
36063,2023-06-19 12:49:37.570000,2023-06-20 14:57:51.737000,task
36209,2023-11-21 17:17:35.307000,2023-11-21 20:34:52.299000,story
35852,2022-09-03 15:15:25.808000,2022-09-04 22:04:23.372000,bug
36134,2023-09-24 19:38:28.246000,2023-11-04 18:17:39.110000,subtask
36251,2023-12-29 20:36:40.033000,2023-12-29 20:36:52.855000,subtask
35887,2022-11-26 05:48:59.597000,2022-12-20 23:42:47.427000,story
35795,2022-06-12 13:40:00.868000,2022-06-28 21:49:20.941000,bug
35867,2022-11-04 01:52:32.351000,2022-11-14 18:02:16.378000,story
35801,2022-07-09 12:08:04.630000,,bug
35789,2022-06-18 14:16:48.718000,2022-06-18 23:52:39.616000,story
35913,2023-01-13 00:32:07.243000,2023-01-19 17:15:12.328000,story
35731,2022-04-18 15:18:49.428000,2022-05-08 01:54:35.611000,bug
36105,2023-08-03 18:46:26.352000,2023-08-09 15:11:52.776000,bug
35922,2023-03-19 20:03:24.173000,2023-03-20 17:38:19.408000,bug
35839,2022-08-25 23:23:15.471000,2022-08-27 14:33:59.953000,story
35722,2022-04-10 15:44:41.413000,2022-04-15 16:40:31.728000,story
36137,2023-09-24 15:32:00.525000,2023-10-09 17:45:13.160000,story
35833,2022-09-16 16:15:11.998000,,bug
35992,2023-05-11 16:16:51.336000,,epic
35782,2022-06-23 14:27:15.181000,2022-06-23 16:00:11.721000,bug
35763,2022-05-10 16:23:48.959000,2022-05-10 19:57:31.895000,story
35746,2022-05-30 01:12:29.305000,2022-06-16 19:57:40.918000,bug
35658,2022-02-26 17:47:04.244000,,bug
35868,2022-11-04 01:42:01.298000,2022-11-14 18:02:22.744000,story
35701,2022-03-22 13:28:17.175000,2022-03-24 21:32:56.823000,story
35671,2022-02-17 15:17:36.261000,,epic
35883,2022-11-29 18:13:54.142000,2022-12-16 21:39:05.587000,story
36282,2024-01-08 23:57:46.362000,2024-01-08 23:59:06.810000,task
36022,2023-06-01 19:44:13.230000,2023-07-01 16:30:48.980000,story
36231,2023-12-15 12:58:19.945000,,epic
35970,2023-04-16 14:39:08.652000,2023-05-01 00:26:32.091000,story
35911,2023-01-13 20:37:21.789000,2023-01-19 17:15:10.588000,bug
35899,2023-01-29 15:31:25.159000,2023-02-28 22:46:17.726000,epic
35729,2022-04-18 18:00:06.684000,2022-04-19 16:39:23.473000,story
36068,2023-06-16 16:50:37.314000,2023-07-02 16:10:05.704000,story
35999,2023-05-06 02:13:17.524000,2023-05-06 02:43:29.877000,bug
36057,2023-07-01 11:47:25.536000,2023-07-28 15:21:28.997000,story
35768,2022-05-08 01:42:35.951000,2023-02-28 22:45:57.850000,epic
36243,2023-12-29 19:11:23.649000,,epic
36274,2024-01-02 12:48:42.339000,2024-01-03 23:42:36.369000,story
36160,2023-10-20 12:45:59.729000,,epic
36071,2023-06-10 18:19:02.757000,2023-06-11 17:58:27.161000,bug
35924,2023-03-16 02:42:41.258000,,epic
35694,2022-03-24 21:33:55.142000,2022-03-30 23:39:00.282000,story
36096,2023-07-12 08:35:04.099000,2023-07-26 16:19:45.955000,story
36060,2023-06-23 15:37:18.688000,2023-06-25 17:14:01.275000,story
35741,2022-04-25 21:51:07.174000,2022-04-27 16:13:59.229000,story
35724,2022-04-08 02:47:28.218000,2022-05-10 12:39:07.550000,epic
35677,2022-03-12 14:59:11.126000,2022-03-14 21:36:51.644000,story
35826,2022-09-06 23:11:13.433000,2022-10-11 14:48:42.352000,task
36004,2023-05-05 00:32:26.115000,2023-05-12 12:56:28.519000,story
36223,2023-12-10 12:55:41.027000,2023-12-13 14:14:15.554000,bug
35743,2022-04-24 00:56:50.306000,2022-04-24 02:08:19.674000,story
35971,2023-04-14 18:37:42.884000,2023-04-23 15:29:12.282000,bug
36169,2023-10-14 05:29:43.116000,2023-10-20 20:41:33.372000,story
35684,2022-03-13 13:14:00.490000,,story
36112,2023-08-11 15:06:13.561000,2023-09-16 13:58:13.018000,bug
36041,2023-05-29 17:54:22.426000,2023-06-11 16:07:10.816000,story
35998,2023-05-06 02:25:05.444000,2023-05-29 19:11:49.635000,story
36241,2023-12-30 16:51:36.450000,2024-01-09 23:06:01.604000,story
36216,2023-12-01 15:48:43.678000,2023-12-09 14:32:57.734000,story
35785,2022-06-18 14:17:49.186000,2022-06-30 17:30:52.889000,story
36047,2023-06-21 14:52:12.236000,2023-07-02 16:10:12.416000,story
36262,2024-01-02 21:07:17.724000,,subtask
35686,2022-03-12 18:51:09.945000,2022-03-27 18:42:32.760000,story
35797,2022-06-05 06:08:14.496000,2022-06-28 21:49:06.427000,story
35948,2023-02-28 23:05:04.927000,,epic
36002,2023-05-05 22:42:12.738000,2023-10-15 17:34:16.778000,story
36261,2024-01-02 21:07:42.237000,,subtask
36146,2023-10-01 14:31:21.091000,2023-10-08 18:08:09.601000,story
36062,2023-06-21 14:42:18.198000,2023-10-15 17:31:10.198000,story
35654,2022-03-05 14:01:27.186000,2022-04-14 19:08:55.278000,epic
35815,2022-10-13 13:57:48.400000,,task
35916,2023-01-04 22:23:54.818000,2023-01-13 19:53:18.377000,bug
35780,2022-06-23 21:47:44.592000,,bug
36148,2023-09-26 03:19:21.813000,,bug
36100,2023-08-03 20:46:26.601000,2023-08-04 22:25:50.375000,task
36098,2023-07-26 16:30:17.913000,2023-08-06 01:26:32.531000,story
35752,2022-05-21 21:43:47.027000,,epic
35958,2022-08-03 15:15:29.120000,2023-02-28 22:46:48.946000,epic
35919,2023-03-22 17:51:41.013000,,epic
35706,2022-03-16 13:25:25.226000,2023-02-28 22:47:53.953000,epic
35872,2022-12-25 14:58:54.480000,2023-01-13 19:53:14.196000,story
36000,2023-05-06 01:01:48.445000,2023-05-07 22:06:28.298000,subtask
36136,2023-09-24 19:37:36.515000,,subtask
35663,2022-02-22 14:48:54.741000,2023-02-28 22:47:47.688000,epic
36142,2023-09-27 15:29:10.914000,2023-10-07 14:15:38.731000,story
36131,2023-09-30 15:53:26.551000,,story
35974,2023-04-02 20:16:37.456000,,story
36045,2023-06-27 16:31:03.196000,2023-06-29 20:44:23.571000,subtask
35688,2022-04-01 21:31:08.172000,2023-02-28 22:47:18.186000,epic
36094,2023-07-23 06:14:00.919000,2023-07-26 16:24:19.921000,story
35876,2022-12-03 16:10:02.913000,,task
36097,2023-07-12 08:33:41.564000,2023-12-30 14:06:39.035000,epic
35737,2022-04-28 13:24:37.480000,2022-04-29 02:23:30.064000,bug
35818,2022-10-11 14:50:25.556000,2022-10-12 13:41:26.972000,bug
35926,2023-03-16 02:32:35.931000,,story
36203,2023-11-21 15:30:35.112000,2023-11-29 21:24:01.926000,story
36283,2024-01-13 19:43:09.527000,,story
35906,2023-01-16 23:38:36.676000,2023-01-26 16:35:49.435000,story
36161,2023-10-20 00:02:35.945000,,bug
36210,2023-11-26 13:00:12.139000,2023-11-29 21:24:05.153000,bug
35811,2022-10-20 20:33:17.385000,2022-10-21 16:39:02.072000,bug
35950,2023-02-25 23:30:19.905000,2023-03-05 16:36:59.904000,story
35670,2022-02-17 15:27:28.145000,,task
36073,2023-06-07 14:13:27.249000,2023-06-13 16:26:04.343000,subtask
36233,2023-12-13 16:28:40.578000,2023-12-16 15:26:29.977000,story
36181,2023-10-27 18:52:48.837000,,story
35747,2022-05-29 23:26:11.515000,2022-06-05 22:49:57.219000,bug
35828,2022-09-03 15:22:33.254000,,task
35750,2022-05-25 21:45:54.194000,2022-05-26 01:09:22.316000,story
36069,2023-06-15 23:14:46.483000,2023-07-01 11:42:16.378000,story
35895,2023-02-03 19:08:22.982000,,bug
35841,2022-08-16 22:25:16.430000,2022-08-22 20:34:36.619000,story
36104,2023-07-28 13:45:45.759000,2023-07-29 14:53:53.658000,story
35981,2023-05-26 17:30:29.805000,2023-05-29 19:11:48.017000,bug
35910,2023-01-13 20:48:43.184000,2023-01-19 17:15:09.907000,story
35668,2022-02-18 21:34:06.701000,,bug
35874,2022-12-12 21:54:41.562000,2023-01-13 19:53:09.297000,story
35984,2023-05-20 16:40:55.199000,,epic
36230,2023-12-15 12:58:59.216000,2023-12-20 17:57:56.347000,story
35681,2022-03-13 12:59:50.082000,2022-05-14 03:01:53.064000,story
35969,2023-04-20 02:17:09.048000,2023-05-06 01:15:33.490000,story
35829,2022-08-27 21:11:03.365000,2022-10-12 17:14:20.429000,story
35834,2022-09-03 19:55:52.565000,2022-09-12 02:19:32.814000,bug
35726,2022-04-22 17:00:40.817000,2022-04-23 23:53:51.858000,bug
36127,2023-09-17 20:42:30.554000,,bug
36174,2023-10-11 17:36:30.497000,2023-10-18 15:32:19.327000,bug
36224,2023-12-10 14:23:20.437000,2023-12-13 14:13:40.190000,story
35865,2022-11-04 11:57:19.297000,2022-11-14 18:02:12.560000,story
36192,2023-11-28 08:27:48.799000,2023-11-28 15:24:23.049000,story
35861,2022-11-13 01:25:33.872000,2022-11-14 18:02:28.454000,story
35699,2022-03-23 16:03:01.986000,,story
35772,2022-05-05 12:40:36.479000,2022-05-06 12:22:29.260000,task
35994,2023-05-10 11:07:19.606000,2023-05-21 00:15:14.789000,story
36024,2023-06-01 19:42:22.395000,,epic
36217,2023-12-01 17:09:44.191000,2023-12-03 13:43:16.219000,task
35687,2022-04-01 21:31:34.040000,,task
35939,2023-03-03 23:00:51.101000,,epic
36240,2023-12-20 15:51:56.168000,2024-01-04 19:18:34.775000,story
35774,2022-06-30 18:19:29.021000,,story
36272,2024-01-11 15:43:50.621000,2024-01-11 18:49:43.797000,story
36141,2023-09-26 21:14:23.672000,2023-10-09 17:48:52.276000,story
35933,2023-03-09 14:24:33.858000,2023-03-16 16:26:34.129000,story
36115,2023-08-29 16:04:53.103000,,story
36065,2023-06-11 13:52:16.551000,2023-06-16 15:40:59.990000,story
35896,2023-01-29 15:49:38.629000,,subtask
36221,2023-12-08 14:53:13.430000,2023-12-13 14:14:06.972000,bug
36014,2023-04-30 11:47:03.603000,2023-05-01 00:26:17.888000,story
36236,2023-12-16 01:19:01.927000,2023-12-18 15:11:10.657000,bug
36030,2023-05-30 19:23:58.172000,2023-05-31 20:52:47.205000,task
35959,2022-07-15 15:24:08.062000,,story
36099,2023-07-26 16:30:41.719000,,story
35791,2022-06-17 18:01:22.129000,2022-06-29 14:04:03.809000,story
36252,2024-01-14 22:50:58.015000,,story
36121,2023-09-05 11:29:23.075000,2023-09-07 15:02:57.815000,story
35751,2022-05-21 21:44:26.807000,,story
35973,2023-04-02 20:16:44.595000,,story
35704,2022-03-21 21:01:36.606000,2022-03-22 00:39:23.292000,story
36050,2023-06-19 11:54:07.356000,2023-06-29 20:44:26.415000,subtask
36043,2023-05-29 16:56:08.751000,2023-10-15 17:34:17.933000,story
36085,2023-08-06 16:49:08.674000,2023-10-15 17:29:36.810000,bug
36170,2023-10-13 14:08:35.284000,2023-12-30 14:06:51.277000,epic
35888,2022-11-26 05:46:41.980000,2023-01-13 19:53:07.382000,story
35779,2022-06-29 14:02:56.834000,2023-02-28 22:47:11.893000,epic
36186,2023-10-29 15:32:46.214000,,task
35842,2022-08-14 19:20:45.680000,,story
36111,2023-08-13 16:21:18.371000,,epic
36264,2024-01-03 23:47:14.830000,2024-01-04 19:18:36.720000,bug
35715,2022-04-15 12:22:46.278000,2022-04-16 17:55:05.894000,task
35725,2022-04-07 12:15:38.405000,2022-04-10 12:31:38.167000,story
36092,2023-08-05 16:11:06.750000,,epic
36023,2023-06-01 19:42:55.465000,,story
35835,2022-08-29 14:20:41.783000,2022-09-04 22:04:32.953000,story
36117,2023-08-29 23:07:29.529000,2023-08-30 18:24:35.463000,story
35770,2022-05-07 15:11:22.799000,2022-05-08 16:16:53.694000,bug
36213,2023-11-28 10:28:04.322000,2023-12-03 13:43:09.363000,bug
36207,2023-11-21 16:33:30.201000,2023-11-25 15:39:56.985000,story
35936,2023-03-03 23:08:43.907000,,story
35794,2022-06-17 15:58:41.595000,2023-02-28 22:47:24.774000,epic
35917,2023-01-01 16:51:43.366000,2023-01-13 19:53:15.710000,bug
35935,2023-03-03 23:11:44.180000,,story
35855,2022-11-18 23:26:50.397000,2022-12-09 14:42:57.590000,bug
35723,2022-04-08 02:47:49.479000,2022-04-15 16:40:21.986000,story
35786,2022-06-18 14:17:35.679000,2022-06-24 15:28:38.965000,story
35843,2022-08-14 17:26:03.225000,,bug
35716,2022-04-14 19:10:07.392000,2022-04-18 00:53:54.619000,story
35738,2022-04-27 16:02:54.124000,2022-04-28 22:09:13.605000,story
36113,2023-08-22 14:09:08.790000,2023-08-24 22:38:02.555000,bug
36215,2023-11-29 19:27:11.130000,2023-12-12 20:10:16.209000,story
35808,2022-10-24 17:42:32.045000,2023-02-28 22:49:25.412000,epic
35689,2022-04-01 21:25:42.269000,,task
36214,2023-11-28 15:05:00.336000,2023-12-03 13:43:12.679000,bug
35696,2022-03-24 16:11:07.165000,,story
35904,2023-01-19 17:42:27.573000,2023-02-18 17:52:53.274000,bug
35997,2023-05-07 12:34:02.572000,2023-10-15 17:31:10.322000,story
36270,2024-01-11 02:33:21.262000,,story
35661,2022-02-25 16:24:34.402000,,epic
35802,2022-07-09 12:06:19.083000,2023-02-28 22:47:03.340000,epic
36017,2023-04-29 23:01:27.617000,2023-05-06 01:59:04.062000,story
35923,2023-03-19 16:27:17.998000,,story
36163,2023-10-22 16:14:13.246000,2023-10-29 14:36:41.374000,story
35986,2023-05-19 21:13:36.496000,2023-05-21 21:24:51.242000,bug
36247,2023-12-30 14:09:13.630000,2023-12-30 18:23:30.508000,story
36183,2023-10-27 15:58:48.222000,2023-10-27 18:26:35.147000,story
36197,2023-11-24 02:53:22.164000,2023-11-28 08:31:55.158000,bug
36246,2023-12-27 14:48:59.218000,2024-01-11 02:23:53.960000,story
36184,2023-10-27 16:23:43.024000,2023-10-27 18:26:37.660000,story
35676,2022-03-12 17:00:21.522000,2022-03-14 21:36:47.932000,bug
36173,2023-10-13 16:12:45.572000,2023-10-15 17:20:37.765000,bug
35744,2022-04-23 20:25:47.241000,2022-04-27 16:13:47.547000,story
35980,2023-03-29 18:42:35.890000,2023-04-01 18:37:42.395000,story
36168,2023-10-10 16:27:39.739000,2023-10-20 18:43:13.050000,story
35972,2023-04-02 20:17:13.860000,,story
36119,2023-09-03 14:28:40.766000,2023-09-16 13:58:14.336000,story
35951,2023-02-25 18:10:51.426000,,story
35944,2023-03-03 14:01:47.656000,2023-03-05 16:36:57.969000,story
36003,2023-05-05 18:36:34.043000,,task
35666,2022-02-19 18:34:50.923000,2022-02-22 14:21:34.128000,bug
35832,2022-08-27 21:10:10.620000,2023-02-28 22:46:41.042000,epic
35700,2022-03-23 15:30:32.781000,2022-03-27 18:28:41.554000,story
36108,2023-07-27 20:42:44.981000,2023-08-04 22:26:02.746000,bug
35713,2022-04-18 13:05:57.272000,,epic
36219,2023-12-03 13:41:26.309000,2023-12-09 14:31:36.574000,story
35914,2023-01-13 00:04:15.771000,2023-03-05 16:39:25.674000,epic
36234,2023-12-14 18:38:13.079000,2023-12-16 18:30:10.847000,story
35927,2023-03-16 02:31:17.163000,,story
36257,2024-01-13 02:36:25.752000,,epic
36167,2023-10-13 15:14:01.581000,2023-10-17 14:14:53.889000,story
35966,2023-04-21 22:04:16.450000,2023-04-23 15:29:10.236000,story
35885,2022-11-29 17:02:37.822000,2023-01-13 19:53:11.167000,bug
35820,2022-10-08 16:46:58.695000,2022-10-18 02:21:49.466000,story
36178,2023-11-02 09:40:12.522000,2023-11-02 20:34:11.356000,bug
36054,2023-07-03 12:16:33.850000,2023-11-01 15:55:19.247000,story
36016,2023-04-29 23:03:43.362000,2023-05-06 01:59:07.093000,story
